Id (primary),url_id,url,copyright
1,1,https://www.bantamcleanpower.com,2013-2018 (c) Digilant.net LLC/Bantam Clean Power
2,2,https://www.baselinesystems.com,Copyright A(c) 2018 Baseline Inc
3,3,https://www.batterychargers.com,"Disclaimer: Products, specifications and data are subject to change without notice, to improve reliability, function, design or otherwise. Product images are for illustrative purposes only; actual product appearance may vary. All weights and measurements are approximate.
(c) Copyright 2018 Schumacher Electric Corporation. All Rights Reserved."
4,4,https://www.battery-chargers.com
5,5,https://www.battery-consulting.com
6,6,https://www.batteryspace.com,Copyright 2000-2018
7,7,https://www.bayareacircuits.com,Copyright (c) 2016 Bay Area Circuits Inc.
8,8,https://www.bbelec.com
9,9,https://www.bcpsystems.com
10,10,https://www.bdelectrical.com,"(c)  2013 BD Electrical, All rights reserved"
11,11,https://www.beamon.com,Copyright not found
12,12,https://www.beckettenergy.com,"(c)document.write(new Date().getFullYear()) Beckett Energy Systems, a division of R.W. Beckett Corp. All rights reserved.
38251 Center Ridge Rd., North Ridgeville, OH 44039 | 440-353-6300
Sitemap | Privacy Policy | News & Press | Contact Us"
13,13,https://www.behlke.com
14,14,https://www.beikimco.com
15,15,https://www.bellexinternational.com,Copyright not found
16,16,https://www.benabr.com,Copyright (c) 2017 Created byDave Gorey Marketing.
17,17,https://www.benchmarkcarbide.com,(c) 2015 Benchmark Carbide. All rights reserved. All sales through distribution only.
18,18,https://www.bevinsco.com,"About
Products
Repairs
Support
FAQ
Blog
Contact
 
                Copyright(c)2018 Bevins Co. All Rights Reserved. | ISO 9001:2008"
19,19,https://www.bhengineering.com
20,20,https://www.commfront.com,Copyright (c) 2018 CommFront Communications
21,21,https://www.compexcorp.com
22,22,https://www.compressedairstore.com
23,23,https://www.connecticut-electric.com,"Connecticut Electric, Inc. Copyright  (c)  2017        |     Terms and Conditions"
24,24,https://www.connecticutmicrowave.com
25,25,https://www.connectivedesign.com
26,26,https://www.connectpro.com
27,27,https://www.connectronicscorp.com
28,28,https://www.contemporaryresearch.com
29,29,https://www.continentalbattery.com
30,30,https://www.coppermountaintech.com,Copyright not found
